artifact_id,pred_json
AUD-001,"{""L0_doc_id"": ""AUD-001"", ""L0_doc_kind"": ""เอกสารทางการ"", ""L0_template_name"": ""รายงานผลการตรวจสอบภายในประจ  าปี 2567"", ""L0_body_source"": ""สรุปผู้บริหาร (Executive Summary)\nผลการตรวจสอบในรอบปี 2567 พบว่าระบบควบคุมภายในส่วนใหญ่ท  างานได้ตามวัตถุประสงค์ทีก่  าหนด พบประเด็นเล็กน้อยเกีย่ วกับการบันทึกเอกสารคืนสินค้าที่\nต้องปรับปรุง\nขอบเขตและวิธีการ\nครอบคลุมกระบวนการคืนเงิน การเบิก-จ่ายเงินสด การจัดซ้อื และระบบ POS โดยใช้วิธีสุ่มตัวอย่างและสัมภาษณ์ผ้้รับผิดชอบ\nขูอสังเกตและขูอเสนอแนะ\nบันทึกข้อสังเกตทีพ่ บ พร้อมข้อเสนอแนะให้แต่ละหน่วยงานน  าไปด  าเนินการแก้ไขภายในกรอบเวลาทีก่  าหนด\nแผนติดตามผล\nฝ่ายตรวจสอบภายในจะติดตามผลการแก้ไขในรอบ 6 เดือนถัดไป และรายงานต่อคณะกรรมการตรวจสอบ"", ""L0_issue_date"": ""2024-12-20""}"
AUD-002,"{""L0_doc_id"": """", ""L0_doc_kind"": """", ""L0_template_name"": """", ""L0_body_source"": """", ""L0_issue_date"": """"}"
EMAIL-001,"{""L0_doc_id"": ""001.fahmai.2024-02-12@internal"", ""L0_doc_kind"": ""FAHMAI INTERNAL EMAIL — เอกสารระหว่างพนักงาน"", ""L0_template_name"": """", ""L0_body_source"": ""เรียน ผู้จัดการฝ่ายปฏิบัติการ\nขอขูอม้ลการเตรียมเอกสารและแผน mock-audit ก่อนวันตรวจจริง โปรดส่งกลับภายในวันศุกร์\nขัน้ ตอนถัดไป\nหากมีขูอสอบถามเพิม่ เติม โปรดตอบกลับอีเมลฉบับนีห้ รือติดต่อโดยตรงตามรายช่อื ทีร่ ะบุไวูในระบบ\nauditor\nFahMai Internal\nหน้า 1 / 1"", ""L0_issue_date"": ""2024-02-12""}"
EMAIL-002,"{""L0_doc_id"": ""002.fahmai.2024-05-20@internal"", ""L0_doc_kind"": ""email"", ""L0_template_name"": ""FAHMAI INTERNAL EMAIL — เอกสารระหว่างพนักงาน"", ""L0_body_source"": ""เรียน ทีมบริหาร\nนัดประชุมทบทวนผลครึง่ ปีแรกในวันที ่25 พ.ค. เวลา 09:30 ห้องประชุมใหญ่ ขอความร่วมมือยืนยันการเข้าร่วม\nขัน้ ตอนถัดไป\nหากมีข้อสอบถามเพิม่ เติม โปรดตอบกลับอีเมลฉบับนีห้ รือติดต่อโดยตรงตามรายช่อื ทีร่ ะบุไว้ในระบบ\nceo_office\nFahMai Internal\nหน้า 1 / 1"", ""L0_issue_date"": ""2024-05-20""}"
EMAIL-003,"{""L0_doc_id"": ""003.fahmai.2024-07-10@internal"", ""L0_doc_kind"": ""email"", ""L0_template_name"": """", ""L0_body_source"": ""FAHMAI INTERNAL EMAIL — เอกสารระหว่างพนักงาน\nFrom: finance@fahmai.co.th\nTo: retail_managers@fahmai.co.th\nDate: 2567-07-10\nSubject: ขอ้ขอูมลยอดขายเปีรยบเีทยบคึ่รงีปแรก\nMessage-ID:<003.fahmai.2024-07-10@internal>\nเรียน หัวหน้าสาขาทุกท่าน\nกรุณาส่งสรุปยอดขายเทียบ YoY มายังทีมการเงินภายในสิน้ เดือน เพ่อื น  าเสนอผ้้บริหาร\nขัน้ ตอนถัดไป\nหากมีข้อสอบถามเพิม่ เติม โปรดตอบกลับอีเมลฉบับนีห้ รือติดต่อโดยตรงตามรายช่อื ทีร่ ะบุไว้ในระบบ\nfinance\nFahMai Internal\nหน้า 1 / 1"", ""L0_issue_date"": ""2024-07-10""}"
EMAIL-004,"{""L0_doc_id"": ""004.fahmai.2024-09-25@internal"", ""L0_doc_kind"": ""FAHMAI INTERNAL EMAIL — เอกสารระหว่างพนักงาน"", ""L0_template_name"": """", ""L0_body_source"": ""เรียน พนักงานทุกท่าน\nทีม HR ขอเชิญทุกท่านตอบแบบส  ารวจความผูกพันองค์กรประจ  าปี ใช้เวลาประมาณ 10 นาที\nขัน้ ตอนถัดไป\nหากมีข้อสอบถามเพิม่ เติม โปรดตอบกลับอีเมลฉบับนีห้ รือติดต่อโดยตรงตามรายช่อื ทีร่ ะบุไว้ในระบบ\nhr\nFahMai Internal\nหน้า 1 / 1"", ""L0_issue_date"": ""2024-09-25""}"
EMAIL-005,"{""L0_doc_id"": ""005.fahmai.2024-11-05@internal"", ""L0_doc_kind"": ""email"", ""L0_template_name"": """", ""L0_body_source"": ""เรียน ผู้จัดการสาขา\nปรับ allocation ส  าหรับสาขาภาคใตูเพิม่ 15% ตามผลคาดการณ์ traffic โปรดยืนยันความพรูอม\nขัน้ ตอนถัดไป\nหากมีขูอสอบถามเพิม่ เติม โปรดตอบกลับอีเมลฉบับนีห้ รือติดต่อโดยตรงตามรายช่อื ทีร่ ะบุไวูในระบบ\nops\nFahMai Internal\nหน้า 1 / 1"", ""L0_issue_date"": ""2024-11-05""}"
EMAIL-006,"{""L0_doc_id"": ""006.fahmai.2025-01-22@internal"", ""L0_doc_kind"": ""email"", ""L0_template_name"": """", ""L0_body_source"": ""เรียน ผู้จัดการฝ่ายปฏิบัติการ\nเริม่ รอบตรวจสอบประจ  าปี 2568 สัปดาห์หนูา กรุณาเตรียม binder เอกสารตามทีก่  าหนด\nขัน้ ตอนถัดไป\nหากมีขูอสอบถามเพิม่ เติม โปรดตอบกลับอีเมลฉบับนีห้ รือติดต่อโดยตรงตามรายช่อื ทีร่ ะบุไวูในระบบ\nauditor\nFahMai Internal\nหน้า 1 / 1"", ""L0_issue_date"": ""2025-01-22""}"
EMAIL-007,"{""L0_doc_id"": ""007.fahmai.2025-03-25@internal"", ""L0_doc_kind"": ""FAHMAI INTERNAL EMAIL — เอกสารระหว่างพนักงาน"", ""L0_template_name"": """", ""L0_body_source"": ""เรียน ทีมโลจิสติกส์\nขอประชุมเตรียมแผนเปลีย่ นถ่ายเส้นทางขนส่งภายใน 2 สัปดาห์ ก่อนสัญญา V-014 หมดอายุ\nขัน้ ตอนถัดไป\nหากมีข้อสอบถามเพิม่ เติม โปรดตอบกลับอีเมลฉบับนีห้ รือติดต่อโดยตรงตามรายช่อื ทีร่ ะบุไว้ในระบบ\nprocurement\nFahMai Internal\nหน้า 1 / 1"", ""L0_issue_date"": ""2025-03-25""}"
EMAIL-008,"{""L0_doc_id"": ""008.fahmai.2025-05-15@internal"", ""L0_doc_kind"": ""email"", ""L0_template_name"": """", ""L0_body_source"": ""เรียน ผู้จัดการสาขา\nแผนเปิดตัว Care+ ในสาขาเริม่ 1 พ.ค. กรุณาเตรียมพ้นื ทีจ่ ัดเอกสารและฝึกพนักงาน\nขัน้ ตอนถัดไป\nหากมีขูอสอบถามเพิม่ เติม โปรดตอบกลับอีเมลฉบับนีห้ รือติดต่อโดยตรงตามรายช่อื ทีร่ ะบุไวูในระบบ\nretail_ops\nFahMai Internal\nหน้า 1 / 1"", ""L0_issue_date"": ""2025-05-15""}"
EMAIL-009,"{""L0_doc_id"": ""009.fahmai.2025-07-05@internal"", ""L0_doc_kind"": ""email"", ""L0_template_name"": ""FahMai Internal"", ""L0_body_source"": ""เรียน ทีม QA\nขอความร่วมมือทดสอบ flow ใหม่บน staging ก่อนวัน launch สินค้า E5 รายละเอียดตามแนบ\nขัน้ ตอนถัดไป\nหากมีข้อสอบถามเพิม่ เติม โปรดตอบกลับอีเมลฉบับนีห้ รือติดต่อโดยตรงตามรายช่อื ทีร่ ะบุไว้ในระบบ"", ""L0_issue_date"": ""2025-07-05""}"
EMAIL-010,"{""L0_doc_id"": ""NT-LT-001"", ""L0_doc_kind"": ""update"", ""L0_template_name"": ""FAHMAI INTERNAL EMAIL — เอกสารระหว่างพนักงาน"", ""L0_body_source"": ""เรียน ทีมบริหาร\nอัปเดตจ  านวนเคร่อื งทีร่ ับคืนแล้วและช่องทางส่อื สารกับลูกค้า ขอความเห็นชอบขัน้ ถัดไป\nขัน้ ตอนถัดไป\nหากมีข้อสอบถามเพิม่ เติม โปรดตอบกลับอีเมลฉบับนีห้ รือติดต่อโดยตรงตามรายช่อื ทีร่ ะบุไว้ในระบบ"", ""L0_issue_date"": ""2025-09-12""}"
EMAIL-011,"{""L0_doc_id"": ""011.fahmai.2025-10-30@internal"", ""L0_doc_kind"": ""FAHMAI INTERNAL EMAIL — เอกสารระหว่างพนักงาน"", ""L0_template_name"": """", ""L0_body_source"": ""เรียน หัวหน้าแผนกทุกแผนก\nทีมการเงินขอข้อมูลคงเหลือและประมาณการสิน้ ปี เพ่อื สรุปงบประมาณก่อนปิดบัญชี\nขัน้ ตอนถัดไป\nหากมีข้อสอบถามเพิม่ เติม โปรดตอบกลับอีเมลฉบับนีห้ รือติดต่อโดยตรงตามรายช่อื ทีร่ ะบุไว้ในระบบ\nfinance\nFahMai Internal\nหน้า 1 / 1"", ""L0_issue_date"": ""2025-10-30""}"
EMAIL-012,"{""L0_doc_id"": ""012.fahmai.2025-12-05@internal"", ""L0_doc_kind"": ""FAHMAI INTERNAL EMAIL — เอกสารระหว่างพนักงาน"", ""L0_template_name"": """", ""L0_body_source"": ""เรียน พนักงานทุกท่าน\nเชิญร่วมงานเลีย้ งปีใหม่ 22 ธ.ค. เวลา 18:00 ลานกิจกรรมชัน้ 1 ลงทะเบียนภายในสัปดาห์นี้\nขัน้ ตอนถัดไป\nหากมีข้อสอบถามเพิม่ เติม โปรดตอบกลับอีเมลฉบับนีห้ รือติดต่อโดยตรงตามรายช่อื ทีร่ ะบุไว้ในระบบ\nhr\nFahMai Internal\nหน้า 1 / 1"", ""L0_issue_date"": ""2025-12-05""}"
MEMO-001,"{""L0_doc_id"": ""MEMO-001"", ""L0_doc_kind"": ""INTERNAL MEMO"", ""L0_template_name"": """", ""L0_body_source"": ""เพ่อื ให้ทุกฝ่ายในองค์กรรับทราบและถือปฏิบัติร่วมกัน บันทึกข้อความฉบับนีแ้ จ้งเร่อื ง นโยบายภายในปี 2567 (รวมฉบับ)\nรายละเอียด\nรวบรวมนโยบายภายในทุกฉบับที่มีผลในปี 2567 เพ่อื ความสะดวกในการอ้างอิง\nการด  าเนินการที่ต้องท  า\nโปรดศึกษาและถือปฏิบัติตามที่บังคับใช้ในหน่วยงานของท่าน\nติดต่อสอบถาม\nหากมีข้อสงสัยกรุณาติดต่อหน่วยงานต้นเร่อื งโดยตรง"", ""L0_issue_date"": ""2024-01-08""}"
MEMO-002,"{""L0_doc_id"": ""MEMO-002"", ""L0_doc_kind"": ""INTERNAL MEMO"", ""L0_template_name"": """", ""L0_body_source"": ""เพ่อื ให้ทุกฝ่ายในองค์กรรับทราบและถือปฏิบัติร่วมกัน บันทึกข้อความฉบับนีแ้ จ้งเร่อื ง ปรับปรุงการให้บริการลูกค้า Q1\nรายละเอียด\nทบทวนแนวทางการต้อนรับและให้ข้อมูลแก่ลูกค้าหน้าร้าน\nการด  าเนินการที่ต้องท  า\nหัวหน้าสาขาจัดอบรมทีมงานภายในสัปดาห์นี้\nติดต่อสอบถาม\nหากมีข้อสงสัยกรุณาติดต่อหน่วยงานต้นเร่อื งโดยตรง"", ""L0_issue_date"": ""2024-01-15""}"
MEMO-003,"{""L0_doc_id"": ""MEMO-003"", ""L0_doc_kind"": ""INTERNAL MEMO"", ""L0_template_name"": """", ""L0_body_source"": ""บันทึกข้อความ / INTERNAL MEMO\nบริษัท ฟ้าใหม่ จ  ากัด (FahMai Co., Ltd.)\nเรียน สาขาทุกแห่ง\nจาก ฝ่ายปฏิบัติการ\nวันท่ี 2567-02-20\nเลขท่ี MEMO-003\nเร่ือง แผนการตรวจสอบสต็อกประจ  าปี 2567\nเพ่อื ให้ทุกฝ่ายในองค์กรรับทราบและถือปฏิบัติร่วมกัน บันทึกข้อความฉบับนีแ้ จ้งเร่อื ง แผนการตรวจสอบสต็อกประจ  าปี\nรายละเอียด\nระบุระยะเวลาเข้าตรวจสต็อกรายไตรมาสและทีมที่รับผิดชอบ\nการด  าเนินการที่ต้องท  า\nเตรียมความพร้อมก่อนทีมตรวจสอบเข้ามาในวันที่ก  าหนด\nติดต่อสอบถาม\nหากมีข้อสงสัยกรุณาติดต่อหน่วยงานต้นเร่อื งโดยตรง\n1 / 1"", ""L0_issue_date"": ""2024-02-20""}"
MEMO-004,"{""L0_doc_id"": ""MEMO-004"", ""L0_doc_kind"": ""INTERNAL MEMO"", ""L0_template_name"": """", ""L0_body_source"": ""เพ่อื ให้ทุกฝ่ายในองค์กรรับทราบและถือปฏิบัติร่วมกัน บันทึกข้อความฉบับนีแ้ จ้งเร่อื ง ประกาศแคมเปญ E7-1 SONGKRAN 2567\nรายละเอียด\nลด 7% ทั่วร้านในช่วงสงกรานต์ 2567\nการด  าเนินการที่ต้องท  า\nสาขาเตรียมโปสเตอร์และพนักงานเตรียมตอบค  าถามลูกค้า\nติดต่อสอบถาม\nหากมีข้อสงสัยกรุณาติดต่อหน่วยงานต้นเร่อื งโดยตรง"", ""L0_issue_date"": ""2024-04-05""}"
MEMO-005,"{""L0_doc_id"": ""MEMO-005"", ""L0_doc_kind"": ""INTERNAL MEMO"", ""L0_template_name"": """", ""L0_body_source"": ""เพ่อื ให้ทุกฝ่ายในองค์กรรับทราบและถือปฏิบัติร่วมกัน บันทึกข้อความฉบับนีแ้ จ้งเร่อื ง ทบทวนนโยบายความปลอดภัยข้อมูล\nรายละเอียด\nรวมแนวปฏิบัติเร่อื งการเก็บรักษารหัสผ่านและการรายงานเหตุละเมิด\nการด  าเนินการที่ต้องท  า\nหัวหน้าทีมยืนยันความเข้าใจของสมาชิกในทีม\nติดต่อสอบถาม\nหากมีข้อสงสัยกรุณาติดต่อหน่วยงานต้นเร่อื งโดยตรง"", ""L0_issue_date"": ""2024-06-01""}"
MEMO-006,"{""L0_doc_id"": ""MEMO-006"", ""L0_doc_kind"": ""INTERNAL MEMO"", ""L0_template_name"": """", ""L0_body_source"": ""เพ่อื ให้ทุกฝ่ายในองค์กรรับทราบและถือปฏิบัติร่วมกัน บันทึกข้อความฉบับนีแ้ จ้งเร่อื ง แคมเปญ E7-2 Mid-Year 2567\nรายละเอียด\nลด 10% สิน้ ปีงบประมาณ Mid-Year\nการด  าเนินการที่ต้องท  า\nสาขาเตรียมจัดเรียงสินค้าและพร้อมรับ traffic เพิ่มขึน้\nติดต่อสอบถาม\nหากมีข้อสงสัยกรุณาติดต่อหน่วยงานต้นเร่อื งโดยตรง"", ""L0_issue_date"": ""2024-08-01""}"
MEMO-007,"{""L0_doc_id"": ""MEMO-007"", ""L0_doc_kind"": ""INTERNAL MEMO"", ""L0_template_name"": """", ""L0_body_source"": ""เพ่อื ให้ทุกฝ่ายในองค์กรรับทราบและถือปฏิบัติร่วมกัน บันทึกข้อความฉบับนีแ้ จ้งเร่อื ง ปรับโครงสร้างเงินเดือนกลางปี\nรายละเอียด\nรายละเอียดการปรับฐานเงินเดือนตามผลประเมินรอบกลางปี\nการด  าเนินการที่ต้องท  า\nทีม HR ติดต่อพนักงานรายบุคคล\nติดต่อสอบถาม\nหากมีข้อสงสัยกรุณาติดต่อหน่วยงานต้นเร่อื งโดยตรง"", ""L0_issue_date"": ""2024-09-10""}"
MEMO-008,"{""L0_doc_id"": ""MEMO-008"", ""L0_doc_kind"": ""INTERNAL MEMO"", ""L0_template_name"": """", ""L0_body_source"": ""เพ่อื ให้ทุกฝ่ายในองค์กรรับทราบและถือปฏิบัติร่วมกัน บันทึกข้อความฉบับนีแ้ จ้งเร่อื ง ประกาศปรับปรุงระบบ POS v2 (PM7)\nรายละเอียด\nระบบ POS เวอร์ชัน 2 จะมีผลใช้งานในทุกสาขา\nการด  าเนินการที่ต้องท  า\nหัวหน้าสาขาประสานงานทีมไอทีก่อนเริ่มใช้งาน\nติดต่อสอบถาม\nหากมีข้อสงสัยกรุณาติดต่อหน่วยงานต้นเร่อื งโดยตรง"", ""L0_issue_date"": ""2024-10-01""}"
MEMO-009,"{""L0_doc_id"": ""MEMO-009"", ""L0_doc_kind"": ""INTERNAL MEMO"", ""L0_template_name"": """", ""L0_body_source"": ""เพ่อื ให้ทุกฝ่ายในองค์กรรับทราบและถือปฏิบัติร่วมกัน บันทึกข้อความฉบับนีแ้ จ้งเร่อื ง แคมเปญ E7-3 MEGA 11.11 2567\nรายละเอียด\nลด 11% ทั่วร้านวันที่ 11.11\nการด  าเนินการที่ต้องท  า\nเตรียมสต็อกและเวรพนักงานเพิ่มเป็นพิเศษ\nติดต่อสอบถาม\nหากมีข้อสงสัยกรุณาติดต่อหน่วยงานต้นเร่อื งโดยตรง"", ""L0_issue_date"": ""2024-11-11""}"
MEMO-010,"{""L0_doc_id"": ""MEMO-010"", ""L0_doc_kind"": ""INTERNAL MEMO"", ""L0_template_name"": """", ""L0_body_source"": ""เพ่อื ให้ทุกฝ่ายในองค์กรรับทราบและถือปฏิบัติร่วมกัน บันทึกข้อความฉบับนีแ้ จ้งเร่อื ง แคมเปญ E7-4 MEGA 12.12 2567\nรายละเอียด\nลด 12% ทั่วร้านวันที่ 12.12\nการด  าเนินการที่ต้องท  า\nเตรียมสต็อกและเวรพนักงานเพิ่มเป็นพิเศษ\nติดต่อสอบถาม\nหากมีข้อสงสัยกรุณาติดต่อหน่วยงานต้นเร่อื งโดยตรง"", ""L0_issue_date"": ""2024-12-12""}"
MEMO-011,"{""L0_doc_id"": ""MEMO-011"", ""L0_doc_kind"": ""INTERNAL MEMO"", ""L0_template_name"": """", ""L0_body_source"": ""เพ่อื ให้ทุกฝ่ายในองค์กรรับทราบและถือปฏิบัติร่วมกัน บันทึกข้อความฉบับนีแ้ จ้งเร่อื ง แผนการด  าเนินงานปี 2568\nรายละเอียด\nสรุปกลยุทธ์และ KPI ระดับองค์กรประจ  าปี 2568\nการด  าเนินการที่ต้องท  า\nหัวหน้าแผนกประสานทีมงานในการแปลงส่่แผนปฏิบัติ\nติดต่อสอบถาม\nหากมีข้อสงสัยกรุณาติดต่อหน่วยงานต้นเร่อื งโดยตรง"", ""L0_issue_date"": ""2025-01-15""}"
MEMO-012,"{""L0_doc_id"": ""MEMO-012"", ""L0_doc_kind"": ""INTERNAL MEMO"", ""L0_template_name"": """", ""L0_body_source"": ""เพ่อื ให้ทุกฝ่ายในองค์กรรับทราบและถือปฏิบัติร่วมกัน บันทึกข้อความฉบับนีแ้ จ้งเร่อื ง ประกาศนโยบาย refund signing authority (PM1)\nรายละเอียด\nปรับล  าดับขัน้ อ  านาจอนุมัติการคืนเงินตาม PM1\nการด  าเนินการที่ต้องท  า\nผ้้จัดการสาขายืนยันความเข้าใจของทีมการเงิน\nติดต่อสอบถาม\nหากมีข้อสงสัยกรุณาติดต่อหน่วยงานต้นเร่อื งโดยตรง"", ""L0_issue_date"": ""2025-02-15""}"
MEMO-013,"{""L0_doc_id"": ""MEMO-013"", ""L0_doc_kind"": ""INTERNAL MEMO"", ""L0_template_name"": """", ""L0_body_source"": ""เพ่อื ให้ทุกฝ่ายในองค์กรรับทราบและถือปฏิบัติร่วมกัน บันทึกข้อความฉบับนีแ้ จ้งเร่อื ง ประกาศปรับ return window (PM2)\nรายละเอียด\nระยะเวลาคืนสินค้าเปลี่ยนจาก 14 วันเป็น 21 วัน\nการด  าเนินการที่ต้องท  า\nหัวหน้าสาขาประกาศให้พนักงานหน้าร้านทราบ\nติดต่อสอบถาม\nหากมีข้อสงสัยกรุณาติดต่อหน่วยงานต้นเร่อื งโดยตรง"", ""L0_issue_date"": ""2025-03-01""}"
MEMO-014,"{""L0_doc_id"": ""MEMO-014"", ""L0_doc_kind"": ""INTERNAL MEMO"", ""L0_template_name"": """", ""L0_body_source"": ""เพ่อื ให้ทุกฝ่ายในองค์กรรับทราบและถือปฏิบัติร่วมกัน บันทึกข้อความฉบับนีแ้ จ้งเร่อื ง ประกาศปรับ refund threshold (PM-REFUND)\nรายละเอียด\nเกณฑ์ขัน้ ต่า  คืนเงินที่ต้องการอนุมัติพิเศษเปลี่ยนจาก 2K เป็น 5K\nการด  าเนินการที่ต้องท  า\nทีมการเงินอัปเดตเอกสารและแบบฟอร์มในระบบ\nติดต่อสอบถาม\nหากมีข้อสงสัยกรุณาติดต่อหน่วยงานต้นเร่อื งโดยตรง"", ""L0_issue_date"": ""2025-03-15""}"
MEMO-015,"{""L0_doc_id"": ""MEMO-015"", ""L0_doc_kind"": ""INTERNAL MEMO"", ""L0_template_name"": """", ""L0_body_source"": ""เพ่อื ให้ทุกฝ่ายในองค์กรรับทราบและถือปฏิบัติร่วมกัน บันทึกข้อความฉบับนีแ้ จ้งเร่อื ง การยกเลิกสัญญา V-014 LegacyShip\nรายละเอียด\nประกาศการยกเลิกสัญญาขนส่งกับ V-014 มีผล 2568-03-31\nการด  าเนินการที่ต้องท  า\nทีมโลจิสติกส์ประสานงานย้ายงานไปยัง V-018\nติดต่อสอบถาม\nหากมีข้อสงสัยกรุณาติดต่อหน่วยงานต้นเร่อื งโดยตรง"", ""L0_issue_date"": ""2025-03-31""}"
MEMO-016,"{""L0_doc_id"": ""MEMO-016"", ""L0_doc_kind"": ""INTERNAL MEMO"", ""L0_template_name"": """", ""L0_body_source"": ""บันทึกข้อความ / INTERNAL MEMO\nบริษัท ฟ้าใหม่ จ  ากัด (FahMai Co., Ltd.)\nเรียน พนักงานทุกท่าน\nจาก ฝ่ายการตลาด\nวันท่ี 2568-04-01\nเลขท่ี MEMO-016\nเร่ือง ปรับ free shipping threshold 500→199 (PM3)\nอ้างอิง PM3\nเพ่อื ให้ทุกฝ่ายในองค์กรรับทราบและถือปฏิบัติร่วมกัน บันทึกข้อความฉบับนีแ้ จ้งเร่อื ง ปรับ free shipping threshold (PM3)\nรายละเอียด\nลดเกณฑ์ส่งฟรีจาก 500 บาทเป็น 199 บาท\nการด  าเนินการที่ต้องท  า\nฝ่ายการตลาดส่อื สารผ่านช่องทางออนไลน์\nติดต่อสอบถาม\nหากมีข้อสงสัยกรุณาติดต่อหน่วยงานต้นเร่อื งโดยตรง\n1 / 1"", ""L0_issue_date"": ""2025-04-01""}"
MEMO-017,"{""L0_doc_id"": ""MEMO-017"", ""L0_doc_kind"": ""INTERNAL MEMO"", ""L0_template_name"": """", ""L0_body_source"": ""เพ่อื ให้ทุกฝ่ายในองค์กรรับทราบและถือปฏิบัติร่วมกัน บันทึกข้อความฉบับนีแ้ จ้งเร่อื ง ปรับ point earning rate (PM4)\nรายละเอียด\nขึน้ อัตราสะสมคะแนนจาก 0.01 เป็น 0.0125 ต่อบาท\nการด  าเนินการที่ต้องท  า\nทีมเทคนิคปรับการค  านวณในระบบ POS\nติดต่อสอบถาม\nหากมีข้อสงสัยกรุณาติดต่อหน่วยงานต้นเร่อื งโดยตรง"", ""L0_issue_date"": ""2025-04-01""}"
MEMO-018,"{""L0_doc_id"": ""MEMO-018"", ""L0_doc_kind"": ""INTERNAL MEMO"", ""L0_template_name"": """", ""L0_body_source"": ""เพ่อื ให้ทุกฝ่ายในองค์กรรับทราบและถือปฏิบัติร่วมกัน บันทึกข้อความฉบับนีแ้ จ้งเร่อื ง แคมเปญ E7-1 SONGKRAN 2568\nรายละเอียด\nลด 7% ทั่วร้านในช่วงสงกรานต์ 2568\nการด  าเนินการที่ต้องท  า\nสาขาเตรียมโปสเตอร์และพนักงานเตรียมตอบค  าถาม\nติดต่อสอบถาม\nหากมีข้อสงสัยกรุณาติดต่อหน่วยงานต้นเร่อื งโดยตรง"", ""L0_issue_date"": ""2025-04-10""}"
MEMO-019,"{""L0_doc_id"": ""MEMO-019"", ""L0_doc_kind"": ""INTERNAL MEMO"", ""L0_template_name"": """", ""L0_body_source"": ""เพ่อื ให้ทุกฝ่ายในองค์กรรับทราบและถือปฏิบัติร่วมกัน บันทึกข้อความฉบับนีแ้ จ้งเร่อื ง เปิดตัว Care+ Tier (PM5)\nรายละเอียด\nโปรแกรม Care+ เริ่มจาก SF-Galaxy-Pro-2568 และ NT-LT-001\nการด  าเนินการที่ต้องท  า\nพนักงานหน้าร้านศึกษาเง่อื นไขรายสินค้า\nติดต่อสอบถาม\nหากมีข้อสงสัยกรุณาติดต่อหน่วยงานต้นเร่อื งโดยตรง"", ""L0_issue_date"": ""2025-05-01""}"
MEMO-020,"{""L0_doc_id"": ""MEMO-020"", ""L0_doc_kind"": ""INTERNAL MEMO"", ""L0_template_name"": """", ""L0_body_source"": ""เพ่อื ให้ทุกฝ่ายในองค์กรรับทราบและถือปฏิบัติร่วมกัน บันทึกข้อความฉบับนีแ้ จ้งเร่อื ง ปรับเส้นทาง warranty routing (PM6)\nรายละเอียด\nส่งซ่อม NovaTech ตรงไปยัง NovaTech Service\nการด  าเนินการที่ต้องท  า\nทีมบริการหลังการขายปรับ flow การรับเคร่อื ง\nติดต่อสอบถาม\nหากมีข้อสงสัยกรุณาติดต่อหน่วยงานต้นเร่อื งโดยตรง"", ""L0_issue_date"": ""2025-06-01""}"
MEMO-021,"{""L0_doc_id"": ""MEMO-021"", ""L0_doc_kind"": ""INTERNAL MEMO"", ""L0_template_name"": """", ""L0_body_source"": ""เพ่อื ให้ทุกฝ่ายในองค์กรรับทราบและถือปฏิบัติร่วมกัน บันทึกข้อความฉบับนีแ้ จ้งเร่อื ง เปิดตัว SF Galaxy Pro 2568\nรายละเอียด\nสินค้าใหม่ตระกูล SaiFah Galaxy Pro 2568 พร้อมโปร launch\nการด  าเนินการที่ต้องท  า\nสาขาจัดวางจุดสาธิตและฝึก demo\nติดต่อสอบถาม\nหากมีข้อสงสัยกรุณาติดต่อหน่วยงานต้นเร่อื งโดยตรง"", ""L0_issue_date"": ""2025-07-15""}"
MEMO-022,"{""L0_doc_id"": ""MEMO-022"", ""L0_doc_kind"": ""INTERNAL MEMO"", ""L0_template_name"": """", ""L0_body_source"": ""เพ่อื ให้ทุกฝ่ายในองค์กรรับทราบและถือปฏิบัติร่วมกัน บันทึกข้อความฉบับนีแ้ จ้งเร่อื ง แคมเปญ E7-2 Mid-Year 2568\nรายละเอียด\nลด 10% สิน้ ปีงบประมาณ Mid-Year 2568\nการด  าเนินการที่ต้องท  า\nสาขาเตรียมจัดเรียงสินค้าและพร้อมรับ traffic เพิ่มขึน้\nติดต่อสอบถาม\nหากมีข้อสงสัยกรุณาติดต่อหน่วยงานต้นเร่อื งโดยตรง"", ""L0_issue_date"": ""2025-08-01""}"
MEMO-023,"{""L0_doc_id"": ""MEMO-023"", ""L0_doc_kind"": ""INTERNAL MEMO"", ""L0_template_name"": """", ""L0_body_source"": ""เพ่อื ให้ทุกฝ่ายในองค์กรรับทราบและถือปฏิบัติร่วมกัน บันทึกข้อความฉบับนีแ้ จ้งเร่อื ง แจ้งการเรียกคืน NT-LT-001 (E9)\nรายละเอียด\nประกาศเรียกคืนสินค้า NT-LT-001 ตามเหตุการณ์ E9\nการด  าเนินการที่ต้องท  า\nสาขารับเร่อื งคืนตามขัน้ ตอน vendor recall\nติดต่อสอบถาม\nหากมีข้อสงสัยกรุณาติดต่อหน่วยงานต้นเร่อื งโดยตรง"", ""L0_issue_date"": ""2025-09-10""}"
MEMO-024,"{""L0_doc_id"": ""MEMO-024"", ""L0_doc_kind"": ""INTERNAL MEMO"", ""L0_template_name"": """", ""L0_body_source"": ""บันทึกข้อความ / INTERNAL MEMO\nบริษัท ฟ้าใหม่ จ  ากัด (FahMai Co., Ltd.)\nเรียน หัวหน้าทีมทุกท่าน\nจาก ฝ่ายปฏิบัติการ\nวันท่ี 2568-09-15\nเลขท่ี MEMO-024\nเร่ือง ทบทวนแผนปฏิบัติการรับมือเหตุการณ์ E9\nอ้างอิง E9\nเพ่อื ให้ทุกฝ่ายในองค์กรรับทราบและถือปฏิบัติร่วมกัน บันทึกข้อความฉบับนีแ้ จ้งเร่อื ง ทบทวนแผนรับมือเหตุการณ์ E9\nรายละเอียด\nขัน้ ตอนการตอบสนองเม่อื มีลูกค้าน  าเคร่อื งคืน\nการด  าเนินการที่ต้องท  า\nหัวหน้าทีมประชุมทีมและซักซ้อมขัน้ ตอน\nติดต่อสอบถาม\nหากมีข้อสงสัยกรุณาติดต่อหน่วยงานต้นเร่อื งโดยตรง\n1 / 1"", ""L0_issue_date"": ""2025-09-15""}"
MEMO-025,"{""L0_doc_id"": ""MEMO-025"", ""L0_doc_kind"": ""INTERNAL MEMO"", ""L0_template_name"": """", ""L0_body_source"": ""เพ่อื ให้ทุกฝ่ายในองค์กรรับทราบและถือปฏิบัติร่วมกัน บันทึกข้อความฉบับนีแ้ จ้งเร่อื ง ประกาศปรับสัญญา PayWise V-013 v4\nรายละเอียด\nปรับสัญญา PayWise ฉบับ v4 เพ่อื ให้สอดคล้องด้านการก  ากับ\ndการด  าเนินการที่ต้องท  า\nทีมการเงินตรวจสอบ flow การค  านวณค่าธรรมเนียม\nติดต่อสอบถาม\nหากมีข้อสงสัยกรุณาติดต่อหน่วยงานต้นเร่อื งโดยตรง"", ""L0_issue_date"": ""2025-10-15""}"
MEMO-026,"{""L0_doc_id"": ""MEMO-026"", ""L0_doc_kind"": ""INTERNAL MEMO"", ""L0_template_name"": """", ""L0_body_source"": ""เพ่อื ให้ทุกฝ่ายในองค์กรรับทราบและถือปฏิบัติร่วมกัน บันทึกข้อความฉบับนีแ้ จ้งเร่อื ง แคมเปญ E7-3 MEGA 11.11 2568\nรายละเอียด\nลด 11% ทั่วร้านวันที่ 11.11 2568\nการด  าเนินการที่ต้องท  า\nเตรียมสต็อกและเวรพนักงานเพิ่มเป็นพิเศษ\nติดต่อสอบถาม\nหากมีข้อสงสัยกรุณาติดต่อหน่วยงานต้นเร่อื งโดยตรง"", ""L0_issue_date"": ""2025-11-11""}"
MEMO-027,"{""L0_doc_id"": ""MEMO-027"", ""L0_doc_kind"": ""INTERNAL MEMO"", ""L0_template_name"": """", ""L0_body_source"": ""เพ่อื ให้ทุกฝ่ายในองค์กรรับทราบและถือปฏิบัติร่วมกัน บันทึกข้อความฉบับนีแ้ จ้งเร่อื ง แคมเปญ E7-4 MEGA 12.12 2568\nรายละเอียด\nลด 12% ทั่วร้านวันที่ 12.12 2568\nการด  าเนินการที่ต้องท  า\nเตรียมสต็อกและเวรพนักงานเพิ่มเป็นพิเศษ\nติดต่อสอบถาม\nหากมีข้อสงสัยกรุณาติดต่อหน่วยงานต้นเร่อื งโดยตรง"", ""L0_issue_date"": ""2025-12-12""}"
MEMO-028,"{""L0_doc_id"": ""MEMO-028"", ""L0_doc_kind"": ""INTERNAL MEMO"", ""L0_template_name"": """", ""L0_body_source"": ""เพ่อื ให้ทุกฝ่ายในองค์กรรับทราบและถือปฏิบัติร่วมกัน บันทึกข้อความฉบับนีแ้ จ้งเร่อื ง สรุปผลการด  าเนินงานสิน้ ปี 2568\nรายละเอียด\nสรุปผลประกอบการและทิศทางที่จะท  าต่อในปี 2569\nการด  าเนินการที่ต้องท  า\nหัวหน้าแผนกเตรียมข้อมูลเพ่อื ประชุมประจ  าปี\nติดต่อสอบถาม\nหากมีข้อสงสัยกรุณาติดต่อหน่วยงานต้นเร่อื งโดยตรง"", ""L0_issue_date"": ""2025-12-20""}"
POL-001,"{""L0_policy_version_id"": ""v1"", ""L0_policy_class"": ""return"", ""L0_policy_variable"": """", ""L0_scope_filter"": ""ครอบคลุมการคืนสินค้าทุกประเภทผ่านทุกช่องทาง"", ""L0_effective_date"": ""2024-01-01"", ""L0_policy_doc_filename"": """"}"
POL-002,"{""L0_policy_version_id"": ""v2"", ""L0_policy_class"": ""return"", ""L0_policy_variable"": ""ระยะเวลาคืน 21 วันนับจากวันซ้อื โปรดยึดถือเป็นแนวปฏิบัติเริ่มตัง้ แต่วันที่มีผลบังคับใช้"", ""L0_scope_filter"": ""ครอบคลุมรายการขายทัง้ หมดหลังวันมีผลบังคับใช้"", ""L0_effective_date"": ""2025-03-01"", ""L0_policy_doc_filename"": """"}"
POL-003,"{""L0_policy_version_id"": ""v1"", ""L0_policy_class"": ""membership"", ""L0_policy_variable"": ""0.01 คะแนนต่อบาท"", ""L0_scope_filter"": ""ส  าหรับลูกค้าสมาชิกทุกระดับ"", ""L0_effective_date"": ""2024-01-01"", ""L0_policy_doc_filename"": """"}"
POL-004,"{""L0_policy_version_id"": ""v2"", ""L0_policy_class"": ""membership"", ""L0_policy_variable"": ""0.0125"", ""L0_scope_filter"": ""สำหรับลูกค้าสมาชิกทุกระดับ"", ""L0_effective_date"": ""2025-04-01"", ""L0_policy_doc_filename"": """"}"
POL-005,"{""L0_policy_version_id"": ""v1"", ""L0_policy_class"": ""signing_authority"", ""L0_policy_variable"": ""signing authority ladder"", ""L0_scope_filter"": ""ใช้กับกำรคืนเงินทุกรำยกำรในทุกสำขำ"", ""L0_effective_date"": ""2024-01-01"", ""L0_policy_doc_filename"": """"}"
POL-006,"{""L0_policy_version_id"": ""v2"", ""L0_policy_class"": ""signing_authority"", ""L0_policy_variable"": """", ""L0_scope_filter"": ""ใชูกับการคืนเงินทุกรายการในทุกสาขา"", ""L0_effective_date"": ""2025-02-15"", ""L0_policy_doc_filename"": """"}"
POL-007,"{""L0_policy_version_id"": ""v1"", ""L0_policy_class"": ""warranty"", ""L0_policy_variable"": ""Care+"", ""L0_scope_filter"": ""เริ่มต้นกับ SF-Galaxy-Pro-2568 และ NT-LT-001"", ""L0_effective_date"": ""2025-05-01"", ""L0_policy_doc_filename"": """"}"
POL-008,"{""L0_policy_version_id"": ""v2"", ""L0_policy_class"": ""warranty"", ""L0_policy_variable"": ""PM6"", ""L0_scope_filter"": ""ใช้กับสินค้า NovaTech ทุก SKU"", ""L0_effective_date"": ""2025-06-01"", ""L0_policy_doc_filename"": """"}"
POL-009,"{""L0_policy_version_id"": ""v1"", ""L0_policy_class"": ""shipping"", ""L0_policy_variable"": ""ค่าจัดส่งและเกณฑ์ส่งฟรี"", ""L0_scope_filter"": ""ใช้กับลูกค้าทั่วไปทุกช่องทาง"", ""L0_effective_date"": ""2024-01-01"", ""L0_policy_doc_filename"": """"}"
POL-010,"{""L0_policy_version_id"": ""v2"", ""L0_policy_class"": ""shipping"", ""L0_policy_variable"": ""ส่งฟรีเม่อื ยอดซ้อื ตัง้ แต่ 199 บาท"", ""L0_scope_filter"": ""ใช้กับลูกค้าทั่วไปทุกช่องทาง"", ""L0_effective_date"": ""2025-04-01"", ""L0_policy_doc_filename"": """"}"
POL-011,"{""L0_policy_version_id"": ""v1"", ""L0_policy_class"": ""refund"", ""L0_policy_variable"": ""2,000 บาท"", ""L0_scope_filter"": ""ใช้กับการคืนเงินทั้วทั้งบริษัท"", ""L0_effective_date"": ""2024-01-01"", ""L0_policy_doc_filename"": """"}"
POL-012,"{""L0_policy_version_id"": ""v2"", ""L0_policy_class"": ""refund"", ""L0_policy_variable"": ""5,000 บาท"", ""L0_scope_filter"": ""ใช้กับการคืนเงินทั่วทัง้ บริษัท"", ""L0_effective_date"": ""2025-03-15"", ""L0_policy_doc_filename"": """"}"
TRAIN-001,"{""L0_doc_id"": ""TRAIN-001"", ""L0_doc_kind"": ""Onboarding"", ""L0_template_name"": ""การปฐมนิเทศพนักงานใหม่ (Onboarding)"", ""L0_body_source"": ""เริ่มจากภาพรวมขององค์กร นโยบายหลัก เคร่อื งมือที่ใช้ในการท  างาน และการประเมินผลในช่วงทดลองงาน"", ""L0_issue_date"": ""2024-01-15""}"
TRAIN-002,"{""L0_doc_id"": ""TRAIN-002"", ""L0_doc_kind"": ""Training Material"", ""L0_template_name"": ""การใช้งานระบบ POS เบ้อื งต้นส  าหรับสาขา"", ""L0_body_source"": ""การใช้งานระบบ POS เบ้อื งต้นส  าหรับสาขา\nวัตถุประสงค์การเรียนรู้\n- ใช้งานเมนูขายและคืนสินค้า - บันทึกข้อมูลลูกค้าและสะสมคะแนนได้ถูกต้อง - แก้ไขข้อผิดพลาดเบ้อื งต้นได้\nเน้อื หาโมดูล\nสาธิตการขายและคืนสินค้า การใช้งานเมนูโปรโมชั่น และการตรวจสอบรายงานปลายวัน\nการประเมินผล\nผู้เข้าอบรมต้องผ่านแบบทดสอบหลังเรียนด้วยคะแนนไม่ต่า  กว่า 80% และมีบันทึกการเข้าเรียนครบตามที่ก  าหนด\nการประเมินผ่านเกณฑ์: ท  าแบบทดสอบหลังเรียนได้คะแนน ≥ 80% และมีบันทึกการเข้าเรียนครบตามทีก่  าหนด"", ""L0_issue_date"": ""2024-04-15""}"
TRAIN-003,"{""L0_doc_id"": ""TRAIN-003"", ""L0_doc_kind"": ""Training Material"", ""L0_template_name"": ""การใช้งานระบบ POS v2 หลังการอัปเดต (PM7)"", ""L0_body_source"": ""การใช้งานระบบ POS v2 หลัง PM7\nวัตถุประสงค์การเรียนรู้\n- ร้จ้ ักหน้าจอใหม่และฟีเจอร์ที่เปลี่ยนแปลง - ใช้งาน workflow ใหม่ได้คล่อง - แจ้งเหตุขัดข้องผ่านช่องทางที่ก  าหนด\nเน้อื หาโมดูล\nเปรียบเทียบความแตกต่างจากเวอร์ชันเดิม สาธิตการขายภายใต้ workflow ใหม่ และแบบฝึกหัดทดสอบความเข้าใจ\nการประเมินผล\nผ้้เข้าอบรมต้องผ่านแบบทดสอบหลังเรียนด้วยคะแนนไม่ต่า  กว่า 80% และมีบันทึกการเข้าเรียนครบตามที่ก  าหนด\nการประเมินผ่านเกณฑ์: ท  าแบบทดสอบหลังเรียนได้คะแนน ≥ 80% และมีบันทึกการเข้าเรียนครบตามทีก่  าหนด"", ""L0_issue_date"": ""2024-10-01""}"
TRAIN-004,"{""L0_doc_id"": ""TRAIN-004"", ""L0_doc_kind"": ""Customer Service"", ""L0_template_name"": ""แนวทางการให้บริการลูกค้าและ Care+ (PM5)"", ""L0_body_source"": ""แนวทางบริการลูกค้าและ Care+ (PM5)\nวัตถุประสงค์การเรียนรู้\n- อธิบายเง่อื นไข Care+ ให้ลูกค้าได้ชัดเจน - บันทึกการขาย Care+ ในระบบ POS - จัดการค  าถามและข้อกังวลของลูกค้า\nเน้อื หาโมดูล\nตัวอย่างสคริปต์การพูดคุย ขัน้ ตอนการเสนอ Care+ และการบันทึกเอกสารยืนยัน\nการประเมินผล\nผู้เข้าอบรมต้องผ่านแบบทดสอบหลังเรียนด้วยคะแนนไม่ต่า  กว่า 80% และมีบันทึกการเข้าเรียนครบตามที่ก  าหนด\nการประเมินผ่านเกณฑ์: ท  าแบบทดสอบหลังเรียนได้คะแนน ≥ 80% และมีบันทึกการเข้าเรียนครบตามทีก่  าหนด"", ""L0_issue_date"": ""2025-05-01""}"
TRAIN-005,"{""L0_doc_id"": ""TRAIN-005"", ""L0_doc_kind"": ""Crisis Response"", ""L0_template_name"": ""แนวปฏิบัติรับมือเหตุการณ์เรียกคืนสินค้า (E9)"", ""L0_body_source"": ""แนวปฏิบัติรับมือการเรียกคืนสินค้า (E9)\nวัตถุประสงค์การเรียนรู้\n- ร้ข้ ัน้ ตอนรับคืนกรณี vendor recall - ส่อื สารกับล้กค้าด้วยความเห็นใจ - บันทึกข้อม้ลครบถ้วนใน FACT_RETURN\nเน้อื หาโมดูล\nอธิบาย flow รับคืน บทบาทของแต่ละหน่วยงาน และเอกสารที่ต้องเตรียมตามมาตรฐาน\nการประเมินผล\nผ้้เข้าอบรมต้องผ่านแบบทดสอบหลังเรียนด้วยคะแนนไม่ต่า  กว่า 80% และมีบันทึกการเข้าเรียนครบตามที่ก  าหนด\nการประเมินผ่านเกณฑ์: ท  าแบบทดสอบหลังเรียนได้คะแนน ≥ 80% และมีบันทึกการเข้าเรียนครบตามทีก่  าหนด"", ""L0_issue_date"": ""2025-09-15""}"
VC-001,"{""L0_contract_version_id"": ""VC-001"", ""L0_vendor_id"": ""V-013"", ""L0_version_number"": ""v1"", ""L0_effective_date"": ""2024-01-01"", ""L0_contract_pdf_filename"": """"}"
VC-002,"{""L0_contract_version_id"": ""VC-002"", ""L0_vendor_id"": ""V-013"", ""L0_version_number"": ""v2"", ""L0_effective_date"": ""2025-04-01"", ""L0_contract_pdf_filename"": """"}"
VC-003,"{""L0_contract_version_id"": ""VC-003"", ""L0_vendor_id"": ""V-013"", ""L0_version_number"": ""v3"", ""L0_effective_date"": ""2025-07-01"", ""L0_contract_pdf_filename"": """"}"
VC-004,"{""L0_contract_version_id"": ""VC-004"", ""L0_vendor_id"": ""V-013"", ""L0_version_number"": ""v4"", ""L0_effective_date"": ""2025-10-01"", ""L0_contract_pdf_filename"": """"}"
VC-005,"{""L0_contract_version_id"": ""VC-005"", ""L0_vendor_id"": ""V-002"", ""L0_version_number"": ""v1"", ""L0_effective_date"": ""2024-01-01"", ""L0_contract_pdf_filename"": """"}"
VC-006,"{""L0_contract_version_id"": ""VC-006"", ""L0_vendor_id"": ""V-002"", ""L0_version_number"": ""v2"", ""L0_effective_date"": ""2025-06-01"", ""L0_contract_pdf_filename"": """"}"
VC-007,"{""L0_contract_version_id"": ""VC-007"", ""L0_vendor_id"": ""V-002"", ""L0_version_number"": ""v3"", ""L0_effective_date"": ""2025-09-01"", ""L0_contract_pdf_filename"": """"}"
VC-008,"{""L0_contract_version_id"": ""VC-008"", ""L0_vendor_id"": ""V-002"", ""L0_version_number"": ""v4"", ""L0_effective_date"": ""2025-12-01"", ""L0_contract_pdf_filename"": """"}"
VC-009,"{""L0_contract_version_id"": ""VC-009"", ""L0_vendor_id"": ""V-006"", ""L0_version_number"": ""v1"", ""L0_effective_date"": ""2024-01-01"", ""L0_contract_pdf_filename"": """"}"
VC-010,"{""L0_contract_version_id"": ""VC-010"", ""L0_vendor_id"": ""V-006"", ""L0_version_number"": ""v2"", ""L0_effective_date"": ""2024-07-01"", ""L0_contract_pdf_filename"": """"}"
VC-011,"{""L0_contract_version_id"": ""VC-011"", ""L0_vendor_id"": ""V-006"", ""L0_version_number"": ""v3"", ""L0_effective_date"": ""2025-04-01"", ""L0_contract_pdf_filename"": """"}"
VC-012,"{""L0_contract_version_id"": ""VC-012"", ""L0_vendor_id"": ""V-006"", ""L0_version_number"": ""v4"", ""L0_effective_date"": ""2025-10-01"", ""L0_contract_pdf_filename"": """"}"
VC-013,"{""L0_contract_version_id"": ""VC-013"", ""L0_vendor_id"": ""V-001"", ""L0_version_number"": ""v1"", ""L0_effective_date"": ""2024-01-01"", ""L0_contract_pdf_filename"": """"}"
VC-014,"{""L0_contract_version_id"": ""VC-014"", ""L0_vendor_id"": ""V-001"", ""L0_version_number"": ""v2"", ""L0_effective_date"": ""2024-09-01"", ""L0_contract_pdf_filename"": """"}"
VC-015,"{""L0_contract_version_id"": ""VC-015"", ""L0_vendor_id"": ""V-001"", ""L0_version_number"": ""v3"", ""L0_effective_date"": ""2025-04-01"", ""L0_contract_pdf_filename"": """"}"
VC-016,"{""L0_contract_version_id"": ""VC-016"", ""L0_vendor_id"": ""V-001"", ""L0_version_number"": ""v4"", ""L0_effective_date"": ""2025-10-01"", ""L0_contract_pdf_filename"": """"}"
VC-017,"{""L0_contract_version_id"": ""VC-017"", ""L0_vendor_id"": ""V-014"", ""L0_version_number"": ""v1"", ""L0_effective_date"": ""2024-01-01"", ""L0_contract_pdf_filename"": """"}"
VC-018,"{""L0_contract_version_id"": ""VC-018"", ""L0_vendor_id"": ""V-014"", ""L0_version_number"": ""v2"", ""L0_effective_date"": ""2024-09-01"", ""L0_contract_pdf_filename"": """"}"
VC-019,"{""L0_contract_version_id"": ""VC-019"", ""L0_vendor_id"": ""V-014"", ""L0_version_number"": ""v3"", ""L0_effective_date"": ""2025-02-01"", ""L0_contract_pdf_filename"": """"}"
VC-020,"{""L0_contract_version_id"": ""VC-020"", ""L0_vendor_id"": ""V-018"", ""L0_version_number"": ""v1"", ""L0_effective_date"": ""2025-04-01"", ""L0_contract_pdf_filename"": """"}"
VC-021,"{""L0_contract_version_id"": ""VC-021"", ""L0_vendor_id"": ""V-018"", ""L0_version_number"": ""v2"", ""L0_effective_date"": ""2025-08-01"", ""L0_contract_pdf_filename"": """"}"
VC-022,"{""L0_contract_version_id"": ""VC-022"", ""L0_vendor_id"": ""V-018"", ""L0_version_number"": ""v3"", ""L0_effective_date"": ""2025-11-01"", ""L0_contract_pdf_filename"": """"}"
